{"0": {"NU_NOTA_MIN_CH": 0.0, "NU_NOTA_MEAN_CH": 45.06345425013535, "NU_NOTA_MAX_CH": 349.0, "NU_NOTA_MIN_CN": 0.0, "NU_NOTA_MEAN_CN": 69.43860357761108, "NU_NOTA_MAX_CN": 361.2, "NU_NOTA_MIN_LC": 0.0, "NU_NOTA_MEAN_LC": 29.888991719434976, "NU_NOTA_MAX_LC": 342.7, "NU_NOTA_MIN_MT": 0.0, "NU_NOTA_MEAN_MT": 40.170727418065546, "NU_NOTA_MAX_MT": 331.3}, "1": {"NU_NOTA_MIN_CH": 319.9, "NU_NOTA_MEAN_CH": 328.61124497991966, "NU_NOTA_MAX_CH": 364.8, "NU_NOTA_MIN_CN": 340.5, "NU_NOTA_MEAN_CN": 367.60360934182586, "NU_NOTA_MAX_CN": 400.1, "NU_NOTA_MIN_LC": 287.7, "NU_NOTA_MEAN_LC": 349.19429763560504, "NU_NOTA_MAX_LC": 387.1, "NU_NOTA_MIN_MT": 319.5, "NU_NOTA_MEAN_MT": 342.13830845771145, "NU_NOTA_MAX_MT": 365.0}, "2": {"NU_NOTA_MIN_CH": 320.0, "NU_NOTA_MEAN_CH": 338.6978062157221, "NU_NOTA_MAX_CH": 394.6, "NU_NOTA_MIN_CN": 340.5, "NU_NOTA_MEAN_CN": 374.0763773285771, "NU_NOTA_MAX_CN": 423.2, "NU_NOTA_MIN_LC": 287.7, "NU_NOTA_MEAN_LC": 357.22478860703166, "NU_NOTA_MAX_LC": 410.6, "NU_NOTA_MIN_MT": 319.5, "NU_NOTA_MEAN_MT": 348.4402384309704, "NU_NOTA_MAX_MT": 396.1}, "3": {"NU_NOTA_MIN_CH": 320.0, "NU_NOTA_MEAN_CH": 347.1988006853223, "NU_NOTA_MAX_CH": 418.8, "NU_NOTA_MIN_CN": 340.7, "NU_NOTA_MEAN_CN": 380.34359780649584, "NU_NOTA_MAX_CN": 446.5, "NU_NOTA_MIN_LC": 289.7, "NU_NOTA_MEAN_LC": 367.9407815631264, "NU_NOTA_MAX_LC": 429.5, "NU_NOTA_MIN_MT": 319.6, "NU_NOTA_MEAN_MT": 357.2636476473462, "NU_NOTA_MAX_MT": 433.4}, "4": {"NU_NOTA_MIN_CH": 320.5, "NU_NOTA_MEAN_CH": 357.1449044585987, "NU_NOTA_MAX_CH": 441.8, "NU_NOTA_MIN_CN": 341.9, "NU_NOTA_MEAN_CN": 387.5950922866584, "NU_NOTA_MAX_CN": 467.4, "NU_NOTA_MIN_LC": 291.7, "NU_NOTA_MEAN_LC": 378.4169915217201, "NU_NOTA_MAX_LC": 450.3, "NU_NOTA_MIN_MT": 319.6, "NU_NOTA_MEAN_MT": 367.2344579052293, "NU_NOTA_MAX_MT": 461.9}, "5": {"NU_NOTA_MIN_CH": 320.6, "NU_NOTA_MEAN_CH": 368.3337216473652, "NU_NOTA_MAX_CH": 454.1, "NU_NOTA_MIN_CN": 341.9, "NU_NOTA_MEAN_CN": 395.370361290577, "NU_NOTA_MAX_CN": 494.8, "NU_NOTA_MIN_LC": 289.6, "NU_NOTA_MEAN_LC": 390.2249721818832, "NU_NOTA_MAX_LC": 470.0, "NU_NOTA_MIN_MT": 319.8, "NU_NOTA_MEAN_MT": 378.1612223021029, "NU_NOTA_MAX_MT": 492.7}, "6": {"NU_NOTA_MIN_CH": 321.8, "NU_NOTA_MEAN_CH": 380.02133565941296, "NU_NOTA_MAX_CH": 471.9, "NU_NOTA_MIN_CN": 341.2, "NU_NOTA_MEAN_CN": 404.2227266687337, "NU_NOTA_MAX_CN": 514.0, "NU_NOTA_MIN_LC": 291.4, "NU_NOTA_MEAN_LC": 402.8257604902709, "NU_NOTA_MAX_LC": 481.9, "NU_NOTA_MIN_MT": 319.9, "NU_NOTA_MEAN_MT": 390.22954004373696, "NU_NOTA_MAX_MT": 528.3}, "7": {"NU_NOTA_MIN_CH": 321.6, "NU_NOTA_MEAN_CH": 392.5788716992056, "NU_NOTA_MAX_CH": 485.4, "NU_NOTA_MIN_CN": 344.9, "NU_NOTA_MEAN_CN": 413.8341658302911, "NU_NOTA_MAX_CN": 532.6, "NU_NOTA_MIN_LC": 294.6, "NU_NOTA_MEAN_LC": 416.6100672396656, "NU_NOTA_MAX_LC": 497.3, "NU_NOTA_MIN_MT": 320.0, "NU_NOTA_MEAN_MT": 403.5050580078389, "NU_NOTA_MAX_MT": 557.2}, "8": {"NU_NOTA_MIN_CH": 323.1, "NU_NOTA_MEAN_CH": 406.01235280882025, "NU_NOTA_MAX_CH": 500.5, "NU_NOTA_MIN_CN": 342.8, "NU_NOTA_MEAN_CN": 424.6285514961225, "NU_NOTA_MAX_CN": 546.4, "NU_NOTA_MIN_LC": 298.5, "NU_NOTA_MEAN_LC": 430.94674426287634, "NU_NOTA_MAX_LC": 508.5, "NU_NOTA_MIN_MT": 320.6, "NU_NOTA_MEAN_MT": 418.322959943193, "NU_NOTA_MAX_MT": 574.4}, "9": {"NU_NOTA_MIN_CH": 323.0, "NU_NOTA_MEAN_CH": 420.2915340248039, "NU_NOTA_MAX_CH": 523.7, "NU_NOTA_MIN_CN": 347.2, "NU_NOTA_MEAN_CN": 436.5624711461262, "NU_NOTA_MAX_CN": 560.3, "NU_NOTA_MIN_LC": 298.3, "NU_NOTA_MEAN_LC": 446.1705339029939, "NU_NOTA_MAX_LC": 519.5, "NU_NOTA_MIN_MT": 320.6, "NU_NOTA_MEAN_MT": 434.78156034361353, "NU_NOTA_MAX_MT": 587.9}, "10": {"NU_NOTA_MIN_CH": 326.7, "NU_NOTA_MEAN_CH": 435.1593785262476, "NU_NOTA_MAX_CH": 529.1, "NU_NOTA_MIN_CN": 346.5, "NU_NOTA_MEAN_CN": 450.0165697126109, "NU_NOTA_MAX_CN": 574.3, "NU_NOTA_MIN_LC": 300.4, "NU_NOTA_MEAN_LC": 461.4857507872851, "NU_NOTA_MAX_LC": 529.0, "NU_NOTA_MIN_MT": 320.5, "NU_NOTA_MEAN_MT": 452.9956705630085, "NU_NOTA_MAX_MT": 598.4}, "11": {"NU_NOTA_MIN_CH": 329.3, "NU_NOTA_MEAN_CH": 450.375412048058, "NU_NOTA_MAX_CH": 545.4, "NU_NOTA_MIN_CN": 351.6, "NU_NOTA_MEAN_CN": 464.9398441199312, "NU_NOTA_MAX_CN": 580.4, "NU_NOTA_MIN_LC": 300.9, "NU_NOTA_MEAN_LC": 476.8123608942632, "NU_NOTA_MAX_LC": 538.5, "NU_NOTA_MIN_MT": 321.9, "NU_NOTA_MEAN_MT": 473.1807624130838, "NU_NOTA_MAX_MT": 612.7}, "12": {"NU_NOTA_MIN_CH": 332.7, "NU_NOTA_MEAN_CH": 465.6759714737106, "NU_NOTA_MAX_CH": 561.8, "NU_NOTA_MIN_CN": 352.5, "NU_NOTA_MEAN_CN": 481.3342260208928, "NU_NOTA_MAX_CN": 588.1, "NU_NOTA_MIN_LC": 309.8, "NU_NOTA_MEAN_LC": 491.5382948043135, "NU_NOTA_MAX_LC": 549.0, "NU_NOTA_MIN_MT": 324.0, "NU_NOTA_MEAN_MT": 494.8602223563069, "NU_NOTA_MAX_MT": 628.0}, "13": {"NU_NOTA_MIN_CH": 338.0, "NU_NOTA_MEAN_CH": 480.8737499213787, "NU_NOTA_MAX_CH": 568.9, "NU_NOTA_MIN_CN": 355.6, "NU_NOTA_MEAN_CN": 498.9572511441959, "NU_NOTA_MAX_CN": 597.1, "NU_NOTA_MIN_LC": 316.3, "NU_NOTA_MEAN_LC": 505.4366719029054, "NU_NOTA_MAX_LC": 560.3, "NU_NOTA_MIN_MT": 326.3, "NU_NOTA_MEAN_MT": 518.2567561541416, "NU_NOTA_MAX_MT": 639.0}, "14": {"NU_NOTA_MIN_CH": 345.6, "NU_NOTA_MEAN_CH": 495.75184811603657, "NU_NOTA_MAX_CH": 584.5, "NU_NOTA_MIN_CN": 362.3, "NU_NOTA_MEAN_CN": 517.1630519510925, "NU_NOTA_MAX_CN": 604.3, "NU_NOTA_MIN_LC": 325.1, "NU_NOTA_MEAN_LC": 518.3741662681472, "NU_NOTA_MAX_LC": 572.5, "NU_NOTA_MIN_MT": 333.8, "NU_NOTA_MEAN_MT": 542.3164248405747, "NU_NOTA_MAX_MT": 652.0}, "15": {"NU_NOTA_MIN_CH": 350.6, "NU_NOTA_MEAN_CH": 509.95615721392056, "NU_NOTA_MAX_CH": 588.4, "NU_NOTA_MIN_CN": 366.0, "NU_NOTA_MEAN_CN": 535.3063390044566, "NU_NOTA_MAX_CN": 614.3, "NU_NOTA_MIN_LC": 343.5, "NU_NOTA_MEAN_LC": 530.2973670567822, "NU_NOTA_MAX_LC": 582.1, "NU_NOTA_MIN_MT": 333.3, "NU_NOTA_MEAN_MT": 567.0942639300094, "NU_NOTA_MAX_MT": 663.5}, "16": {"NU_NOTA_MIN_CH": 363.9, "NU_NOTA_MEAN_CH": 523.4080914243078, "NU_NOTA_MAX_CH": 603.7, "NU_NOTA_MIN_CN": 385.8, "NU_NOTA_MEAN_CN": 552.75325718486, "NU_NOTA_MAX_CN": 618.8, "NU_NOTA_MIN_LC": 352.9, "NU_NOTA_MEAN_LC": 541.1790799574891, "NU_NOTA_MAX_LC": 589.4, "NU_NOTA_MIN_MT": 358.1, "NU_NOTA_MEAN_MT": 590.9011137795608, "NU_NOTA_MAX_MT": 676.8}, "17": {"NU_NOTA_MIN_CH": 380.8, "NU_NOTA_MEAN_CH": 536.1685527369076, "NU_NOTA_MAX_CH": 605.2, "NU_NOTA_MIN_CN": 395.7, "NU_NOTA_MEAN_CN": 568.4489686734144, "NU_NOTA_MAX_CN": 629.0, "NU_NOTA_MIN_LC": 365.3, "NU_NOTA_MEAN_LC": 551.1442624147357, "NU_NOTA_MAX_LC": 602.5, "NU_NOTA_MIN_MT": 370.8, "NU_NOTA_MEAN_MT": 612.8838269427868, "NU_NOTA_MAX_MT": 685.7}, "18": {"NU_NOTA_MIN_CH": 394.7, "NU_NOTA_MEAN_CH": 548.1385454743255, "NU_NOTA_MAX_CH": 616.9, "NU_NOTA_MIN_CN": 405.2, "NU_NOTA_MEAN_CN": 582.607127722394, "NU_NOTA_MAX_CN": 634.2, "NU_NOTA_MIN_LC": 356.9, "NU_NOTA_MEAN_LC": 560.181074168798, "NU_NOTA_MAX_LC": 606.1, "NU_NOTA_MIN_MT": 362.1, "NU_NOTA_MEAN_MT": 633.1604927590379, "NU_NOTA_MAX_MT": 701.2}, "19": {"NU_NOTA_MIN_CH": 394.3, "NU_NOTA_MEAN_CH": 559.3968525476433, "NU_NOTA_MAX_CH": 627.7, "NU_NOTA_MIN_CN": 425.3, "NU_NOTA_MEAN_CN": 595.0312711660104, "NU_NOTA_MAX_CN": 640.1, "NU_NOTA_MIN_LC": 401.5, "NU_NOTA_MEAN_LC": 568.7500290253008, "NU_NOTA_MAX_LC": 617.3, "NU_NOTA_MIN_MT": 404.5, "NU_NOTA_MEAN_MT": 650.9414504008015, "NU_NOTA_MAX_MT": 709.7}, "20": {"NU_NOTA_MIN_CH": 432.8, "NU_NOTA_MEAN_CH": 569.9277784237727, "NU_NOTA_MAX_CH": 629.5, "NU_NOTA_MIN_CN": 462.6, "NU_NOTA_MEAN_CN": 605.9285988599767, "NU_NOTA_MAX_CN": 647.3, "NU_NOTA_MIN_LC": 424.4, "NU_NOTA_MEAN_LC": 576.6142822215297, "NU_NOTA_MAX_LC": 620.4, "NU_NOTA_MIN_MT": 392.5, "NU_NOTA_MEAN_MT": 666.9851529740642, "NU_NOTA_MAX_MT": 723.8}, "21": {"NU_NOTA_MIN_CH": 459.1, "NU_NOTA_MEAN_CH": 579.8068249012979, "NU_NOTA_MAX_CH": 637.7, "NU_NOTA_MIN_CN": 464.4, "NU_NOTA_MEAN_CN": 615.5796055180965, "NU_NOTA_MAX_CN": 652.6, "NU_NOTA_MIN_LC": 436.0, "NU_NOTA_MEAN_LC": 584.2070581896553, "NU_NOTA_MAX_LC": 628.1, "NU_NOTA_MIN_MT": 405.8, "NU_NOTA_MEAN_MT": 681.4565152140472, "NU_NOTA_MAX_MT": 731.2}, "22": {"NU_NOTA_MIN_CH": 475.1, "NU_NOTA_MEAN_CH": 589.4079152916406,