{"0": {"NU_NOTA_MIN_CH": 0.0, "NU_NOTA_MEAN_CH": 29.536446416063505, "NU_NOTA_MAX_CH": 334.7, "NU_NOTA_MIN_CN": 0.0, "NU_NOTA_MEAN_CN": 69.69071038251367, "NU_NOTA_MAX_CN": 375.1, "NU_NOTA_MIN_LC": 0.0, "NU_NOTA_MEAN_LC": 27.15031168831169, "NU_NOTA_MAX_LC": 301.5, "NU_NOTA_MIN_MT": 0.0, "NU_NOTA_MEAN_MT": 74.00762548262549, "NU_NOTA_MAX_MT": 350.1}, "1": {"NU_NOTA_MIN_CH": 334.7, "NU_NOTA_MEAN_CH": 343.89526104417666, "NU_NOTA_MAX_CH": 376.1, "NU_NOTA_MIN_CN": 375.1, "NU_NOTA_MEAN_CN": 383.3372277227722, "NU_NOTA_MAX_CN": 429.4, "NU_NOTA_MIN_LC": 299.6, "NU_NOTA_MEAN_LC": 307.1148453608247, "NU_NOTA_MAX_LC": 337.0, "NU_NOTA_MIN_MT": 310.4, "NU_NOTA_MEAN_MT": 358.5338323353293, "NU_NOTA_MAX_MT": 395.7}, "2": {"NU_NOTA_MIN_CH": 320.8, "NU_NOTA_MEAN_CH": 352.5165309956168, "NU_NOTA_MAX_CH": 409.0, "NU_NOTA_MIN_CN": 298.0, "NU_NOTA_MEAN_CN": 389.7130467571644, "NU_NOTA_MAX_CN": 465.7, "NU_NOTA_MIN_LC": 299.6, "NU_NOTA_MEAN_LC": 319.5430076628353, "NU_NOTA_MAX_LC": 372.1, "NU_NOTA_MIN_MT": 311.6, "NU_NOTA_MEAN_MT": 365.8993191103041, "NU_NOTA_MAX_MT": 440.9}, "3": {"NU_NOTA_MIN_CH": 315.6, "NU_NOTA_MEAN_CH": 361.7572797333887, "NU_NOTA_MAX_CH": 434.6, "NU_NOTA_MIN_CN": 305.7, "NU_NOTA_MEAN_CN": 398.4488834422656, "NU_NOTA_MAX_CN": 481.9, "NU_NOTA_MIN_LC": 300.0, "NU_NOTA_MEAN_LC": 330.93285758609994, "NU_NOTA_MAX_LC": 399.9, "NU_NOTA_MIN_MT": 310.9, "NU_NOTA_MEAN_MT": 375.23214930764567, "NU_NOTA_MAX_MT": 465.5}, "4": {"NU_NOTA_MIN_CH": 315.9, "NU_NOTA_MEAN_CH": 371.4280566785728, "NU_NOTA_MAX_CH": 444.6, "NU_NOTA_MIN_CN": 300.1, "NU_NOTA_MEAN_CN": 407.1556657868389, "NU_NOTA_MAX_CN": 503.9, "NU_NOTA_MIN_LC": 299.9, "NU_NOTA_MEAN_LC": 343.13481212688754, "NU_NOTA_MAX_LC": 422.2, "NU_NOTA_MIN_MT": 314.4, "NU_NOTA_MEAN_MT": 385.0530205669338, "NU_NOTA_MAX_MT": 493.6}, "5": {"NU_NOTA_MIN_CH": 317.2, "NU_NOTA_MEAN_CH": 382.01417077233896, "NU_NOTA_MAX_CH": 462.3, "NU_NOTA_MIN_CN": 299.5, "NU_NOTA_MEAN_CN": 416.4056908403724, "NU_NOTA_MAX_CN": 517.2, "NU_NOTA_MIN_LC": 300.3, "NU_NOTA_MEAN_LC": 355.21559692553404, "NU_NOTA_MAX_LC": 434.2, "NU_NOTA_MIN_MT": 310.8, "NU_NOTA_MEAN_MT": 396.38923929402114, "NU_NOTA_MAX_MT": 515.7}, "6": {"NU_NOTA_MIN_CH": 316.7, "NU_NOTA_MEAN_CH": 393.6782520580203, "NU_NOTA_MAX_CH": 479.1, "NU_NOTA_MIN_CN": 299.9, "NU_NOTA_MEAN_CN": 426.71913076386033, "NU_NOTA_MAX_CN": 531.3, "NU_NOTA_MIN_LC": 300.6, "NU_NOTA_MEAN_LC": 367.9299717271672, "NU_NOTA_MAX_LC": 450.3, "NU_NOTA_MIN_MT": 312.4, "NU_NOTA_MEAN_MT": 408.79386838103136, "NU_NOTA_MAX_MT": 543.9}, "7": {"NU_NOTA_MIN_CH": 323.9, "NU_NOTA_MEAN_CH": 405.87031931225056, "NU_NOTA_MAX_CH": 492.5, "NU_NOTA_MIN_CN": 301.3, "NU_NOTA_MEAN_CN": 437.5970065029503, "NU_NOTA_MAX_CN": 548.1, "NU_NOTA_MIN_LC": 302.3, "NU_NOTA_MEAN_LC": 381.6142398110923, "NU_NOTA_MAX_LC": 461.1, "NU_NOTA_MIN_MT": 313.8, "NU_NOTA_MEAN_MT": 422.99673528421545, "NU_NOTA_MAX_MT": 570.0}, "8": {"NU_NOTA_MIN_CH": 323.7, "NU_NOTA_MEAN_CH": 419.3168596737746, "NU_NOTA_MAX_CH": 508.5, "NU_NOTA_MIN_CN": 299.8, "NU_NOTA_MEAN_CN": 449.9296363636363, "NU_NOTA_MAX_CN": 572.3, "NU_NOTA_MIN_LC": 303.2, "NU_NOTA_MEAN_LC": 395.47022274559896, "NU_NOTA_MAX_LC": 473.6, "NU_NOTA_MIN_MT": 315.5, "NU_NOTA_MEAN_MT": 438.58217219832017, "NU_NOTA_MAX_MT": 585.3}, "9": {"NU_NOTA_MIN_CH": 324.6, "NU_NOTA_MEAN_CH": 433.8674944050794, "NU_NOTA_MAX_CH": 523.6, "NU_NOTA_MIN_CN": 299.2, "NU_NOTA_MEAN_CN": 463.4308485463917, "NU_NOTA_MAX_CN": 733.2, "NU_NOTA_MIN_LC": 302.2, "NU_NOTA_MEAN_LC": 409.561494071668, "NU_NOTA_MAX_LC": 480.4, "NU_NOTA_MIN_MT": 320.9, "NU_NOTA_MEAN_MT": 456.2134456017392, "NU_NOTA_MAX_MT": 602.7}, "10": {"NU_NOTA_MIN_CH": 335.2, "NU_NOTA_MEAN_CH": 449.0681540826603, "NU_NOTA_MAX_CH": 536.4, "NU_NOTA_MIN_CN": 299.8, "NU_NOTA_MEAN_CN": 478.2997343559466, "NU_NOTA_MAX_CN": 591.9, "NU_NOTA_MIN_LC": 306.3, "NU_NOTA_MEAN_LC": 423.67510788590414, "NU_NOTA_MAX_LC": 487.7, "NU_NOTA_MIN_MT": 324.0, "NU_NOTA_MEAN_MT": 475.7928715993359, "NU_NOTA_MAX_MT": 619.9}, "11": {"NU_NOTA_MIN_CH": 336.5, "NU_NOTA_MEAN_CH": 465.43802059209054, "NU_NOTA_MAX_CH": 553.8, "NU_NOTA_MIN_CN": 304.9, "NU_NOTA_MEAN_CN": 494.2818665945885, "NU_NOTA_MAX_CN": 602.3, "NU_NOTA_MIN_LC": 307.4, "NU_NOTA_MEAN_LC": 437.1850378523757, "NU_NOTA_MAX_LC": 494.0, "NU_NOTA_MIN_MT": 328.9, "NU_NOTA_MEAN_MT": 497.1377429179979, "NU_NOTA_MAX_MT": 634.5}, "12": {"NU_NOTA_MIN_CH": 348.0, "NU_NOTA_MEAN_CH": 482.35066835693937, "NU_NOTA_MAX_CH": 568.3, "NU_NOTA_MIN_CN": 310.9, "NU_NOTA_MEAN_CN": 511.0175013627538, "NU_NOTA_MAX_CN": 612.9, "NU_NOTA_MIN_LC": 311.6, "NU_NOTA_MEAN_LC": 450.2185146025286, "NU_NOTA_MAX_LC": 502.2, "NU_NOTA_MIN_MT": 351.7, "NU_NOTA_MEAN_MT": 520.4399655292103, "NU_NOTA_MAX_MT": 655.0}, "13": {"NU_NOTA_MIN_CH": 352.2, "NU_NOTA_MEAN_CH": 498.9857501382722, "NU_NOTA_MAX_CH": 574.8, "NU_NOTA_MIN_CN": 317.4, "NU_NOTA_MEAN_CN": 528.4027141309231, "NU_NOTA_MAX_CN": 622.4, "NU_NOTA_MIN_LC": 316.6, "NU_NOTA_MEAN_LC": 462.6376635653514, "NU_NOTA_MAX_LC": 509.9, "NU_NOTA_MIN_MT": 323.5, "NU_NOTA_MEAN_MT": 544.735403785954, "NU_NOTA_MAX_MT": 671.7}, "14": {"NU_NOTA_MIN_CH": 364.5, "NU_NOTA_MEAN_CH": 515.0426276054319, "NU_NOTA_MAX_CH": 600.6, "NU_NOTA_MIN_CN": 316.2, "NU_NOTA_MEAN_CN": 545.8936837500862, "NU_NOTA_MAX_CN": 624.9, "NU_NOTA_MIN_LC": 321.7, "NU_NOTA_MEAN_LC": 474.29609863587007, "NU_NOTA_MAX_LC": 517.0, "NU_NOTA_MIN_MT": 360.8, "NU_NOTA_MEAN_MT": 569.6441236157647, "NU_NOTA_MAX_MT": 689.7}, "15": {"NU_NOTA_MIN_CH": 364.9, "NU_NOTA_MEAN_CH": 529.9593907579616, "NU_NOTA_MAX_CH": 594.5, "NU_NOTA_MIN_CN": 341.8, "NU_NOTA_MEAN_CN": 562.4015937354102, "NU_NOTA_MAX_CN": 634.3, "NU_NOTA_MIN_LC": 326.4, "NU_NOTA_MEAN_LC": 485.13920069152965, "NU_NOTA_MAX_LC": 664.8, "NU_NOTA_MIN_MT": 370.8, "NU_NOTA_MEAN_MT": 594.5806834839092, "NU_NOTA_MAX_MT": 706.3}, "16": {"NU_NOTA_MIN_CH": 394.2, "NU_NOTA_MEAN_CH": 543.3766377837951, "NU_NOTA_MAX_CH": 601.9, "NU_NOTA_MIN_CN": 349.9, "NU_NOTA_MEAN_CN": 577.8298922937321, "NU_NOTA_MAX_CN": 640.1, "NU_NOTA_MIN_LC": 340.4, "NU_NOTA_MEAN_LC": 495.3299003335188, "NU_NOTA_MAX_LC": 535.5, "NU_NOTA_MIN_MT": 373.5, "NU_NOTA_MEAN_MT": 618.5098313672305, "NU_NOTA_MAX_MT": 724.5}, "17": {"NU_NOTA_MIN_CH": 395.9, "NU_NOTA_MEAN_CH": 555.2791942637832, "NU_NOTA_MAX_CH": 609.7, "NU_NOTA_MIN_CN": 363.6, "NU_NOTA_MEAN_CN": 591.524670134054, "NU_NOTA_MAX_CN": 647.1, "NU_NOTA_MIN_LC": 336.2, "NU_NOTA_MEAN_LC": 504.9843545995533, "NU_NOTA_MAX_LC": 543.9, "NU_NOTA_MIN_MT": 391.1, "NU_NOTA_MEAN_MT": 641.0344151367362, "NU_NOTA_MAX_MT": 729.8}, "18": {"NU_NOTA_MIN_CH": 443.7, "NU_NOTA_MEAN_CH": 565.9609395835995, "NU_NOTA_MAX_CH": 616.6, "NU_NOTA_MIN_CN": 381.1, "NU_NOTA_MEAN_CN": 603.9008041488836, "NU_NOTA_MAX_CN": 652.0, "NU_NOTA_MIN_LC": 347.0, "NU_NOTA_MEAN_LC": 514.0756783055741, "NU_NOTA_MAX_LC": 552.3, "NU_NOTA_MIN_MT": 403.3, "NU_NOTA_MEAN_MT": 661.8938835467067, "NU_NOTA_MAX_MT": 740.8}, "19": {"NU_NOTA_MIN_CH": 439.1, "NU_NOTA_MEAN_CH": 575.6177601668877, "NU_NOTA_MAX_CH": 627.8, "NU_NOTA_MIN_CN": 425.8, "NU_NOTA_MEAN_CN": 614.6562385418605, "NU_NOTA_MAX_CN": 659.4, "NU_NOTA_MIN_LC": 415.2, "NU_NOTA_MEAN_LC": 522.7320971646285, "NU_NOTA_MAX_LC": 562.0, "NU_NOTA_MIN_MT": 407.5, "NU_NOTA_MEAN_MT": 680.2936571152467, "NU_NOTA_MAX_MT": 753.0}, "20": {"NU_NOTA_MIN_CH": 441.5, "NU_NOTA_MEAN_CH": 584.5648819548353, "NU_NOTA_MAX_CH": 631.7, "NU_NOTA_MIN_CN": 453.0, "NU_NOTA_MEAN_CN": 624.4367833569478, "NU_NOTA_MAX_CN": 663.9, "NU_NOTA_MIN_LC": 424.3, "NU_NOTA_MEAN_LC": 530.8796352959904, "NU_NOTA_MAX_LC": 566.8, "NU_NOTA_MIN_MT": 476.8, "NU_NOTA_MEAN_MT": 697.1073127769639, "NU_NOTA_MAX_MT": 758.7}, "21": {"NU_NOTA_MIN_CH": 472.7, "NU_NOTA_MEAN_CH": 592.822173773287, "NU_NOTA_MAX_CH": 637.3, "NU_NOTA_MIN_CN": 476.9, "NU_NOTA_MEAN_CN": 633.3847746028929, "NU_NOTA_MAX_CN": 672.4, "NU_NOTA_MIN_LC": 459.7, "NU_NOTA_MEAN_LC": 538.6762510993119, "NU_NOTA_MAX_LC": 574.4, "NU_NOTA_MIN_MT": 531.6, "NU_NOTA_MEAN_MT": 712.0455027435, "NU_NOTA_MAX_MT": 768.1}, "22": {"NU_NOTA_MIN_CH": 515.6, "NU_NOTA_MEAN_CH": 600.8295685882986,