{"0": {"NU_NOTA_MIN_CH": 0.0, "NU_NOTA_MEAN_CH": 30.0743972445465, "NU_NOTA_MAX_CH": 394.5, "NU_NOTA_MIN_CN": 0.0, "NU_NOTA_MEAN_CN": 60.62717770034843, "NU_NOTA_MAX_CN": 362.5, "NU_NOTA_MIN_LC": 0.0, "NU_NOTA_MEAN_LC": 20.158615852232877, "NU_NOTA_MAX_LC": 326.6, "NU_NOTA_MIN_MT": 0.0, "NU_NOTA_MEAN_MT": 91.71310344827586, "NU_NOTA_MAX_MT": 369.4}, "1": {"NU_NOTA_MIN_CH": 387.2, "NU_NOTA_MEAN_CH": 400.3257095158598, "NU_NOTA_MAX_CH": 437.2, "NU_NOTA_MIN_CN": 362.5, "NU_NOTA_MEAN_CN": 368.8093421052632, "NU_NOTA_MAX_CN": 392.1, "NU_NOTA_MIN_LC": 318.8, "NU_NOTA_MEAN_LC": 331.0365448504984, "NU_NOTA_MAX_LC": 369.3, "NU_NOTA_MIN_MT": 360.0, "NU_NOTA_MEAN_MT": 379.3911597729116, "NU_NOTA_MAX_MT": 421.6}, "2": {"NU_NOTA_MIN_CH": 389.3, "NU_NOTA_MEAN_CH": 406.86550982800986, "NU_NOTA_MAX_CH": 468.3, "NU_NOTA_MIN_CN": 362.5, "NU_NOTA_MEAN_CN": 375.2218808946376, "NU_NOTA_MAX_CN": 416.2, "NU_NOTA_MIN_LC": 315.6, "NU_NOTA_MEAN_LC": 342.68949554896136, "NU_NOTA_MAX_LC": 404.8, "NU_NOTA_MIN_MT": 364.0, "NU_NOTA_MEAN_MT": 388.165615942029, "NU_NOTA_MAX_MT": 464.7}, "3": {"NU_NOTA_MIN_CH": 302.2, "NU_NOTA_MEAN_CH": 414.73201350521794, "NU_NOTA_MAX_CH": 494.2, "NU_NOTA_MIN_CN": 362.5, "NU_NOTA_MEAN_CN": 382.5015001395479, "NU_NOTA_MAX_CN": 441.6, "NU_NOTA_MIN_LC": 319.6, "NU_NOTA_MEAN_LC": 354.2460800590297, "NU_NOTA_MAX_LC": 422.7, "NU_NOTA_MIN_MT": 360.3, "NU_NOTA_MEAN_MT": 397.4806064103237, "NU_NOTA_MAX_MT": 498.0}, "4": {"NU_NOTA_MIN_CH": 394.7, "NU_NOTA_MEAN_CH": 422.79321452509566, "NU_NOTA_MAX_CH": 516.3, "NU_NOTA_MIN_CN": 362.6, "NU_NOTA_MEAN_CN": 390.9695211128893, "NU_NOTA_MAX_CN": 464.6, "NU_NOTA_MIN_LC": 314.1, "NU_NOTA_MEAN_LC": 366.3301774744027, "NU_NOTA_MAX_LC": 440.6, "NU_NOTA_MIN_MT": 360.5, "NU_NOTA_MEAN_MT": 407.88314127521375, "NU_NOTA_MAX_MT": 518.3}, "5": {"NU_NOTA_MIN_CH": 304.2, "NU_NOTA_MEAN_CH": 432.4863368227869, "NU_NOTA_MAX_CH": 535.7, "NU_NOTA_MIN_CN": 362.8, "NU_NOTA_MEAN_CN": 400.1244967539541, "NU_NOTA_MAX_CN": 484.3, "NU_NOTA_MIN_LC": 320.7, "NU_NOTA_MEAN_LC": 378.734098907767, "NU_NOTA_MAX_LC": 452.8, "NU_NOTA_MIN_MT": 361.2, "NU_NOTA_MEAN_MT": 419.1107043661816, "NU_NOTA_MAX_MT": 542.7}, "6": {"NU_NOTA_MIN_CH": 308.9, "NU_NOTA_MEAN_CH": 442.9851584999209, "NU_NOTA_MAX_CH": 553.6, "NU_NOTA_MIN_CN": 363.2, "NU_NOTA_MEAN_CN": 410.3116752501036, "NU_NOTA_MAX_CN": 501.2, "NU_NOTA_MIN_LC": 322.1, "NU_NOTA_MEAN_LC": 392.004708600436, "NU_NOTA_MAX_LC": 467.5, "NU_NOTA_MIN_MT": 362.6, "NU_NOTA_MEAN_MT": 431.6950013270344, "NU_NOTA_MAX_MT": 564.2}, "7": {"NU_NOTA_MIN_CH": 316.1, "NU_NOTA_MEAN_CH": 454.9882463614984, "NU_NOTA_MAX_CH": 562.2, "NU_NOTA_MIN_CN": 363.7, "NU_NOTA_MEAN_CN": 421.8014148637087, "NU_NOTA_MAX_CN": 518.2, "NU_NOTA_MIN_LC": 323.4, "NU_NOTA_MEAN_LC": 405.56349053933855, "NU_NOTA_MAX_LC": 478.6, "NU_NOTA_MIN_MT": 363.4, "NU_NOTA_MEAN_MT": 445.11093479862814, "NU_NOTA_MAX_MT": 591.8}, "8": {"NU_NOTA_MIN_CH": 308.2, "NU_NOTA_MEAN_CH": 468.6712981285974, "NU_NOTA_MAX_CH": 573.8, "NU_NOTA_MIN_CN": 365.2, "NU_NOTA_MEAN_CN": 434.6255757434495, "NU_NOTA_MAX_CN": 533.0, "NU_NOTA_MIN_LC": 328.8, "NU_NOTA_MEAN_LC": 419.5815184169001, "NU_NOTA_MAX_LC": 488.7, "NU_NOTA_MIN_MT": 363.3, "NU_NOTA_MEAN_MT": 460.0392735844625, "NU_NOTA_MAX_MT": 615.8}, "9": {"NU_NOTA_MIN_CH": 339.0, "NU_NOTA_MEAN_CH": 483.4357350857701, "NU_NOTA_MAX_CH": 585.2, "NU_NOTA_MIN_CN": 364.7, "NU_NOTA_MEAN_CN": 448.8714113941895, "NU_NOTA_MAX_CN": 547.4, "NU_NOTA_MIN_LC": 328.7, "NU_NOTA_MEAN_LC": 434.2184279263325, "NU_NOTA_MAX_LC": 499.0, "NU_NOTA_MIN_MT": 365.1, "NU_NOTA_MEAN_MT": 476.7223787945682, "NU_NOTA_MAX_MT": 641.4}, "10": {"NU_NOTA_MIN_CH": 330.1, "NU_NOTA_MEAN_CH": 500.3704664265263, "NU_NOTA_MAX_CH": 596.6, "NU_NOTA_MIN_CN": 366.6, "NU_NOTA_MEAN_CN": 464.4767949776741, "NU_NOTA_MAX_CN": 561.3, "NU_NOTA_MIN_LC": 331.5, "NU_NOTA_MEAN_LC": 448.9086886315522, "NU_NOTA_MAX_LC": 514.7, "NU_NOTA_MIN_MT": 369.0, "NU_NOTA_MEAN_MT": 495.08432233822447, "NU_NOTA_MAX_MT": 666.2}, "11": {"NU_NOTA_MIN_CH": 338.2, "NU_NOTA_MEAN_CH": 518.2141123076702, "NU_NOTA_MAX_CH": 600.7, "NU_NOTA_MIN_CN": 369.2, "NU_NOTA_MEAN_CN": 481.5532420751008, "NU_NOTA_MAX_CN": 571.4, "NU_NOTA_MIN_LC": 335.1, "NU_NOTA_MEAN_LC": 463.8068536467114, "NU_NOTA_MAX_LC": 526.4, "NU_NOTA_MIN_MT": 377.3, "NU_NOTA_MEAN_MT": 516.0546853225386, "NU_NOTA_MAX_MT": 681.6}, "12": {"NU_NOTA_MIN_CH": 344.0, "NU_NOTA_MEAN_CH": 536.4310618492326, "NU_NOTA_MAX_CH": 608.2, "NU_NOTA_MIN_CN": 369.3, "NU_NOTA_MEAN_CN": 499.5586933057131, "NU_NOTA_MAX_CN": 585.5, "NU_NOTA_MIN_LC": 349.2, "NU_NOTA_MEAN_LC": 478.44782382485727, "NU_NOTA_MAX_LC": 542.2, "NU_NOTA_MIN_MT": 372.8, "NU_NOTA_MEAN_MT": 538.6977183576438, "NU_NOTA_MAX_MT": 695.1}, "13": {"NU_NOTA_MIN_CH": 364.0, "NU_NOTA_MEAN_CH": 554.1684027924039, "NU_NOTA_MAX_CH": 616.1, "NU_NOTA_MIN_CN": 374.5, "NU_NOTA_MEAN_CN": 518.1813257708392, "NU_NOTA_MAX_CN": 599.5, "NU_NOTA_MIN_LC": 351.2, "NU_NOTA_MEAN_LC": 492.70262781319104, "NU_NOTA_MAX_LC": 556.9, "NU_NOTA_MIN_MT": 382.5, "NU_NOTA_MEAN_MT": 563.276314081055, "NU_NOTA_MAX_MT": 703.4}, "14": {"NU_NOTA_MIN_CH": 394.0, "NU_NOTA_MEAN_CH": 570.1280266191011, "NU_NOTA_MAX_CH": 621.3, "NU_NOTA_MIN_CN": 383.6, "NU_NOTA_MEAN_CN": 536.4395358342217, "NU_NOTA_MAX_CN": 607.4, "NU_NOTA_MIN_LC": 361.6, "NU_NOTA_MEAN_LC": 506.1650024182447, "NU_NOTA_MAX_LC": 563.4, "NU_NOTA_MIN_MT": 386.3, "NU_NOTA_MEAN_MT": 589.1859796529691, "NU_NOTA_MAX_MT": 717.2}, "15": {"NU_NOTA_MIN_CH": 390.2, "NU_NOTA_MEAN_CH": 583.984498194454, "NU_NOTA_MAX_CH": 626.1, "NU_NOTA_MIN_CN": 397.6, "NU_NOTA_MEAN_CN": 554.2213243927548, "NU_NOTA_MAX_CN": 621.8, "NU_NOTA_MIN_LC": 380.9, "NU_NOTA_MEAN_LC": 518.6389227284815, "NU_NOTA_MAX_LC": 574.5, "NU_NOTA_MIN_MT": 397.8, "NU_NOTA_MEAN_MT": 614.7102660815532, "NU_NOTA_MAX_MT": 722.6}, "16": {"NU_NOTA_MIN_CH": 406.2, "NU_NOTA_MEAN_CH": 595.6448238044676, "NU_NOTA_MAX_CH": 633.0, "NU_NOTA_MIN_CN": 407.5, "NU_NOTA_MEAN_CN": 570.4113484546546, "NU_NOTA_MAX_CN": 631.4, "NU_NOTA_MIN_LC": 416.5, "NU_NOTA_MEAN_LC": 530.1424093154236, "NU_NOTA_MAX_LC": 583.3, "NU_NOTA_MIN_MT": 395.7, "NU_NOTA_MEAN_MT": 638.4247101517581, "NU_NOTA_MAX_MT": 731.5}, "17": {"NU_NOTA_MIN_CH": 425.7, "NU_NOTA_MEAN_CH": 605.2885000468374, "NU_NOTA_MAX_CH": 640.7, "NU_NOTA_MIN_CN": 417.3, "NU_NOTA_MEAN_CN": 584.959898171905, "NU_NOTA_MAX_CN": 642.0, "NU_NOTA_MIN_LC": 421.6, "NU_NOTA_MEAN_LC": 540.5184617197813, "NU_NOTA_MAX_LC": 588.2, "NU_NOTA_MIN_MT": 416.4, "NU_NOTA_MEAN_MT": 659.6651623583087, "NU_NOTA_MAX_MT": 737.5}, "18": {"NU_NOTA_MIN_CH": 459.4, "NU_NOTA_MEAN_CH": 613.318869899698, "NU_NOTA_MAX_CH": 648.8, "NU_NOTA_MIN_CN": 440.0, "NU_NOTA_MEAN_CN": 598.0211463215951, "NU_NOTA_MAX_CN": 653.0, "NU_NOTA_MIN_LC": 451.2, "NU_NOTA_MEAN_LC": 550.088345978145, "NU_NOTA_MAX_LC": 595.0, "NU_NOTA_MIN_MT": 431.1, "NU_NOTA_MEAN_MT": 677.525530857274, "NU_NOTA_MAX_MT": 750.4}, "19": {"NU_NOTA_MIN_CH": 463.8, "NU_NOTA_MEAN_CH": 620.3087788373224, "NU_NOTA_MAX_CH": 649.0, "NU_NOTA_MIN_CN": 459.9, "NU_NOTA_MEAN_CN": 609.4523290837769, "NU_NOTA_MAX_CN": 654.2, "NU_NOTA_MIN_LC": 478.9, "NU_NOTA_MEAN_LC": 558.9162869770371, "NU_NOTA_MAX_LC": 599.7, "NU_NOTA_MIN_MT": 473.6, "NU_NOTA_MEAN_MT": 692.7791270163177, "NU_NOTA_MAX_MT": 757.8}, "20": {"NU_NOTA_MIN_CH": 471.4, "NU_NOTA_MEAN_CH": 626.5929935266682, "NU_NOTA_MAX_CH": 656.6, "NU_NOTA_MIN_CN": 509.0, "NU_NOTA_MEAN_CN": 619.8599810763927, "NU_NOTA_MAX_CN": 662.1, "NU_NOTA_MIN_LC": 487.2, "NU_NOTA_MEAN_LC": 567.1981824528874, "NU_NOTA_MAX_LC": 609.6, "NU_NOTA_MIN_MT": 483.1, "NU_NOTA_MEAN_MT": 705.7518174323613, "NU_NOTA_MAX_MT": 764.2}, "21": {"NU_NOTA_MIN_CH": 479.8, "NU_NOTA_MEAN_CH": 632.3719089815656, "NU_NOTA_MAX_CH": 660.4, "NU_NOTA_MIN_CN": 548.6, "NU_NOTA_MEAN_CN": 629.2045753307725, "NU_NOTA_MAX_CN": 671.1, "NU_NOTA_MIN_LC": 481.2, "NU_NOTA_MEAN_LC": 575.0191013531079, "NU_NOTA_MAX_LC": 614.5, "NU_NOTA_MIN_MT": 564.6, "NU_NOTA_MEAN_MT": 717.2829784384625, "NU_NOTA_MAX_MT": 772.7}, "22": {"NU_NOTA_MIN_CH": 483.8, "NU_NOTA_MEAN_CH": 637.9690351546878, "NU_NOTA_MAX_CH": 666.3,