{"0": {"NU_NOTA_MIN_CH": 0.0, "NU_NOTA_MEAN_CH": 24.72518356506796, "NU_NOTA_MAX_CH": 315.9, "NU_NOTA_MIN_CN": 0.0, "NU_NOTA_MEAN_CN": 42.81047345767575, "NU_NOTA_MAX_CN": 327.9, "NU_NOTA_MIN_LC": 0.0, "NU_NOTA_MEAN_LC": 21.020956995760145, "NU_NOTA_MAX_LC": 323.2, "NU_NOTA_MIN_MT": 0.0, "NU_NOTA_MEAN_MT": 102.1293103448276, "NU_NOTA_MAX_MT": 359.0}, "1": {"NU_NOTA_MIN_CH": 315.9, "NU_NOTA_MEAN_CH": 325.5310256410256, "NU_NOTA_MAX_CH": 362.6, "NU_NOTA_MIN_CN": 327.9, "NU_NOTA_MEAN_CN": 335.26807387862794, "NU_NOTA_MAX_CN": 363.9, "NU_NOTA_MIN_LC": 322.0, "NU_NOTA_MEAN_LC": 330.25616438356167, "NU_NOTA_MAX_LC": 365.3, "NU_NOTA_MIN_MT": 359.0, "NU_NOTA_MEAN_MT": 367.940062305296, "NU_NOTA_MAX_MT": 396.6}, "2": {"NU_NOTA_MIN_CH": 315.9, "NU_NOTA_MEAN_CH": 335.58445763626554, "NU_NOTA_MAX_CH": 389.0, "NU_NOTA_MIN_CN": 327.9, "NU_NOTA_MEAN_CN": 341.7424301812837, "NU_NOTA_MAX_CN": 390.6, "NU_NOTA_MIN_LC": 322.0, "NU_NOTA_MEAN_LC": 340.68325537885875, "NU_NOTA_MAX_LC": 394.3, "NU_NOTA_MIN_MT": 359.0, "NU_NOTA_MEAN_MT": 375.6214645053103, "NU_NOTA_MAX_MT": 436.5}, "3": {"NU_NOTA_MIN_CH": 315.9, "NU_NOTA_MEAN_CH": 343.6410854194535, "NU_NOTA_MAX_CH": 413.3, "NU_NOTA_MIN_CN": 327.9, "NU_NOTA_MEAN_CN": 349.84104264170566, "NU_NOTA_MAX_CN": 410.4, "NU_NOTA_MIN_LC": 322.2, "NU_NOTA_MEAN_LC": 351.6988585160709, "NU_NOTA_MAX_LC": 413.8, "NU_NOTA_MIN_MT": 359.0, "NU_NOTA_MEAN_MT": 384.8141264401041, "NU_NOTA_MAX_MT": 477.6}, "4": {"NU_NOTA_MIN_CH": 316.5, "NU_NOTA_MEAN_CH": 352.1904325699746, "NU_NOTA_MAX_CH": 431.4, "NU_NOTA_MIN_CN": 327.9, "NU_NOTA_MEAN_CN": 358.5882972163496, "NU_NOTA_MAX_CN": 436.0, "NU_NOTA_MIN_LC": 322.7, "NU_NOTA_MEAN_LC": 362.77075327510914, "NU_NOTA_MAX_LC": 435.2, "NU_NOTA_MIN_MT": 359.0, "NU_NOTA_MEAN_MT": 395.1814589811816, "NU_NOTA_MAX_MT": 518.4}, "5": {"NU_NOTA_MIN_CH": 316.8, "NU_NOTA_MEAN_CH": 361.8988152969894, "NU_NOTA_MAX_CH": 447.2, "NU_NOTA_MIN_CN": 327.9, "NU_NOTA_MEAN_CN": 367.8193407795932, "NU_NOTA_MAX_CN": 456.5, "NU_NOTA_MIN_LC": 322.9, "NU_NOTA_MEAN_LC": 373.94652630564656, "NU_NOTA_MAX_LC": 453.8, "NU_NOTA_MIN_MT": 359.0, "NU_NOTA_MEAN_MT": 406.2821471232725, "NU_NOTA_MAX_MT": 544.6}, "6": {"NU_NOTA_MIN_CH": 316.9, "NU_NOTA_MEAN_CH": 372.9027504714856, "NU_NOTA_MAX_CH": 459.6, "NU_NOTA_MIN_CN": 327.9, "NU_NOTA_MEAN_CN": 377.7407982217636, "NU_NOTA_MAX_CN": 479.9, "NU_NOTA_MIN_LC": 323.7, "NU_NOTA_MEAN_LC": 386.45677467239966, "NU_NOTA_MAX_LC": 466.3, "NU_NOTA_MIN_MT": 359.1, "NU_NOTA_MEAN_MT": 418.95667456914026, "NU_NOTA_MAX_MT": 567.7}, "7": {"NU_NOTA_MIN_CH": 317.9, "NU_NOTA_MEAN_CH": 384.5257406667282, "NU_NOTA_MAX_CH": 469.9, "NU_NOTA_MIN_CN": 328.7, "NU_NOTA_MEAN_CN": 388.7277889416636, "NU_NOTA_MAX_CN": 507.9, "NU_NOTA_MIN_LC": 323.9, "NU_NOTA_MEAN_LC": 399.62772566676045, "NU_NOTA_MAX_LC": 476.9, "NU_NOTA_MIN_MT": 359.2, "NU_NOTA_MEAN_MT": 433.0003654268575, "NU_NOTA_MAX_MT": 586.4}, "8": {"NU_NOTA_MIN_CH": 319.2, "NU_NOTA_MEAN_CH": 396.98630654326536, "NU_NOTA_MAX_CH": 484.2, "NU_NOTA_MIN_CN": 328.8, "NU_NOTA_MEAN_CN": 400.8558421570777, "NU_NOTA_MAX_CN": 520.4, "NU_NOTA_MIN_LC": 324.1, "NU_NOTA_MEAN_LC": 413.32826705908695, "NU_NOTA_MAX_LC": 483.8, "NU_NOTA_MIN_MT": 359.4, "NU_NOTA_MEAN_MT": 449.0985673132953, "NU_NOTA_MAX_MT": 610.1}, "9": {"NU_NOTA_MIN_CH": 321.1, "NU_NOTA_MEAN_CH": 410.5045666023635, "NU_NOTA_MAX_CH": 497.4, "NU_NOTA_MIN_CN": 332.5, "NU_NOTA_MEAN_CN": 413.9469862626799, "NU_NOTA_MAX_CN": 544.2, "NU_NOTA_MIN_LC": 325.8, "NU_NOTA_MEAN_LC": 427.1673179267192, "NU_NOTA_MAX_LC": 493.2, "NU_NOTA_MIN_MT": 360.1, "NU_NOTA_MEAN_MT": 466.8281557669679, "NU_NOTA_MAX_MT": 624.0}, "10": {"NU_NOTA_MIN_CH": 323.2, "NU_NOTA_MEAN_CH": 424.873428945245, "NU_NOTA_MAX_CH": 508.1, "NU_NOTA_MIN_CN": 332.0, "NU_NOTA_MEAN_CN": 428.56928366469776, "NU_NOTA_MAX_CN": 551.7, "NU_NOTA_MIN_LC": 327.6, "NU_NOTA_MEAN_LC": 441.0751202428511, "NU_NOTA_MAX_LC": 502.0, "NU_NOTA_MIN_MT": 361.0, "NU_NOTA_MEAN_MT": 486.6573399785816, "NU_NOTA_MAX_MT": 637.8}, "11": {"NU_NOTA_MIN_CH": 325.7, "NU_NOTA_MEAN_CH": 439.6685358808237, "NU_NOTA_MAX_CH": 519.2, "NU_NOTA_MIN_CN": 336.0, "NU_NOTA_MEAN_CN": 444.2474106973564, "NU_NOTA_MAX_CN": 563.5, "NU_NOTA_MIN_LC": 327.4, "NU_NOTA_MEAN_LC": 454.79693505215965, "NU_NOTA_MAX_LC": 509.0, "NU_NOTA_MIN_MT": 361.2, "NU_NOTA_MEAN_MT": 508.8623855716816, "NU_NOTA_MAX_MT": 652.6}, "12": {"NU_NOTA_MIN_CH": 328.9, "NU_NOTA_MEAN_CH": 455.289562534108, "NU_NOTA_MAX_CH": 529.5, "NU_NOTA_MIN_CN": 337.8, "NU_NOTA_MEAN_CN": 460.89013476499576, "NU_NOTA_MAX_CN": 568.6, "NU_NOTA_MIN_LC": 328.6, "NU_NOTA_MEAN_LC": 467.65593409647465, "NU_NOTA_MAX_LC": 515.3, "NU_NOTA_MIN_MT": 362.6, "NU_NOTA_MEAN_MT": 532.6597609575406, "NU_NOTA_MAX_MT": 667.4}, "13": {"NU_NOTA_MIN_CH": 329.8, "NU_NOTA_MEAN_CH": 470.6435216362652, "NU_NOTA_MAX_CH": 541.5, "NU_NOTA_MIN_CN": 345.4, "NU_NOTA_MEAN_CN": 477.9821020182072, "NU_NOTA_MAX_CN": 578.3, "NU_NOTA_MIN_LC": 338.5, "NU_NOTA_MEAN_LC": 479.6102382398933, "NU_NOTA_MAX_LC": 522.6, "NU_NOTA_MIN_MT": 363.9, "NU_NOTA_MEAN_MT": 557.4853496620606, "NU_NOTA_MAX_MT": 672.9}, "14": {"NU_NOTA_MIN_CH": 344.4, "NU_NOTA_MEAN_CH": 485.8173195006747, "NU_NOTA_MAX_CH": 552.0, "NU_NOTA_MIN_CN": 344.4, "NU_NOTA_MEAN_CN": 495.2863843572244, "NU_NOTA_MAX_CN": 584.8, "NU_NOTA_MIN_LC": 338.0, "NU_NOTA_MEAN_LC": 490.562406614786, "NU_NOTA_MAX_LC": 529.5, "NU_NOTA_MIN_MT": 364.1, "NU_NOTA_MEAN_MT": 583.1749331142662, "NU_NOTA_MAX_MT": 685.4}, "15": {"NU_NOTA_MIN_CH": 348.8, "NU_NOTA_MEAN_CH": 500.1992194399593, "NU_NOTA_MAX_CH": 559.7, "NU_NOTA_MIN_CN": 354.9, "NU_NOTA_MEAN_CN": 511.91459103025767, "NU_NOTA_MAX_CN": 595.3, "NU_NOTA_MIN_LC": 341.6, "NU_NOTA_MEAN_LC": 500.638603371406, "NU_NOTA_MAX_LC": 536.5, "NU_NOTA_MIN_MT": 373.1, "NU_NOTA_MEAN_MT": 607.4967143370465, "NU_NOTA_MAX_MT": 693.6}, "16": {"NU_NOTA_MIN_CH": 355.7, "NU_NOTA_MEAN_CH": 513.5280795223284, "NU_NOTA_MAX_CH": 568.1, "NU_NOTA_MIN_CN": 368.5, "NU_NOTA_MEAN_CN": 527.7295812982928, "NU_NOTA_MAX_CN": 604.1, "NU_NOTA_MIN_LC": 345.3, "NU_NOTA_MEAN_LC": 509.81782465049713, "NU_NOTA_MAX_LC": 544.1, "NU_NOTA_MIN_MT": 379.1, "NU_NOTA_MEAN_MT": 629.3138697933991, "NU_NOTA_MAX_MT": 703.1}, "17": {"NU_NOTA_MIN_CH": 386.9, "NU_NOTA_MEAN_CH": 525.5564247454843, "NU_NOTA_MAX_CH": 575.0, "NU_NOTA_MIN_CN": 376.2, "NU_NOTA_MEAN_CN": 542.3882054537797, "NU_NOTA_MAX_CN": 609.4, "NU_NOTA_MIN_LC": 363.3, "NU_NOTA_MEAN_LC": 518.3255689055151, "NU_NOTA_MAX_LC": 549.7, "NU_NOTA_MIN_MT": 388.0, "NU_NOTA_MEAN_MT": 648.8436774095649, "NU_NOTA_MAX_MT": 712.7}, "18": {"NU_NOTA_MIN_CH": 397.5, "NU_NOTA_MEAN_CH": 536.7067233324392, "NU_NOTA_MAX_CH": 588.8, "NU_NOTA_MIN_CN": 391.7, "NU_NOTA_MEAN_CN": 555.8832227869609, "NU_NOTA_MAX_CN": 622.2, "NU_NOTA_MIN_LC": 393.8, "NU_NOTA_MEAN_LC": 526.2103651458305, "NU_NOTA_MAX_LC": 556.6, "NU_NOTA_MIN_MT": 416.0, "NU_NOTA_MEAN_MT": 665.5437179468447, "NU_NOTA_MAX_MT": 723.1}, "19": {"NU_NOTA_MIN_CH": 429.7, "NU_NOTA_MEAN_CH": 546.7277874775691, "NU_NOTA_MAX_CH": 589.9, "NU_NOTA_MIN_CN": 416.0, "NU_NOTA_MEAN_CN": 568.3329182279039, "NU_NOTA_MAX_CN": 627.8, "NU_NOTA_MIN_LC": 365.3, "NU_NOTA_MEAN_LC": 533.6793860594435, "NU_NOTA_MAX_LC": 564.8, "NU_NOTA_MIN_MT": 382.0, "NU_NOTA_MEAN_MT": 679.7524566703768, "NU_NOTA_MAX_MT": 730.2}, "20": {"NU_NOTA_MIN_CH": 421.2, "NU_NOTA_MEAN_CH": 556.0527829313542, "NU_NOTA_MAX_CH": 598.1, "NU_NOTA_MIN_CN": 436.4, "NU_NOTA_MEAN_CN": 579.8851144519664, "NU_NOTA_MAX_CN": 632.4, "NU_NOTA_MIN_LC": 414.8, "NU_NOTA_MEAN_LC": 540.8199574675069, "NU_NOTA_MAX_LC": 569.2, "NU_NOTA_MIN_MT": 491.3, "NU_NOTA_MEAN_MT": 692.5653036986765, "NU_NOTA_MAX_MT": 739.2}, "21": {"NU_NOTA_MIN_CH": 481.2, "NU_NOTA_MEAN_CH": 564.7863624641833, "NU_NOTA_MAX_CH": 605.1, "NU_NOTA_MIN_CN": 460.1, "NU_NOTA_MEAN_CN": 590.8471572572046, "NU_NOTA_MAX_CN": 640.8, "NU_NOTA_MIN_LC": 442.2, "NU_NOTA_MEAN_LC": 547.6895621356571, "NU_NOTA_MAX_LC": 575.3, "NU_NOTA_MIN_MT": 516.2, "NU_NOTA_MEAN_MT": 704.0337826076144, "NU_NOTA_MAX_MT": 750.2}, "22": {"NU_NOTA_MIN_CH": 507.3, "NU_NOTA_MEAN_CH": 573.1175041618343,