{"0": {"NU_NOTA_MIN_CH": 0.0, "NU_NOTA_MEAN_CH": 21.27017349575489, "NU_NOTA_MAX_CH": 328.8, "NU_NOTA_MIN_CN": 0.0, "NU_NOTA_MEAN_CN": 26.90026075619296, "NU_NOTA_MAX_CN": 343.9, "NU_NOTA_MIN_LC": 0.0, "NU_NOTA_MEAN_LC": 21.317855652899457, "NU_NOTA_MAX_LC": 305.9, "NU_NOTA_MIN_MT": 0.0, "NU_NOTA_MEAN_MT": 59.33470852017937, "NU_NOTA_MAX_MT": 343.9}, "1": {"NU_NOTA_MIN_CH": 314.0, "NU_NOTA_MEAN_CH": 336.0360110803324, "NU_NOTA_MAX_CH": 361.3, "NU_NOTA_MIN_CN": 324.0, "NU_NOTA_MEAN_CN": 339.4712389380531, "NU_NOTA_MAX_CN": 382.9, "NU_NOTA_MIN_LC": 288.9, "NU_NOTA_MEAN_LC": 310.7517094017094, "NU_NOTA_MAX_LC": 345.3, "NU_NOTA_MIN_MT": 327.1, "NU_NOTA_MEAN_MT": 338.42418699187, "NU_NOTA_MAX_MT": 409.2}, "2": {"NU_NOTA_MIN_CH": 318.8, "NU_NOTA_MEAN_CH": 341.41577909270217, "NU_NOTA_MAX_CH": 376.9, "NU_NOTA_MIN_CN": 323.9, "NU_NOTA_MEAN_CN": 346.7529247910864, "NU_NOTA_MAX_CN": 387.0, "NU_NOTA_MIN_LC": 291.7, "NU_NOTA_MEAN_LC": 318.98053278688525, "NU_NOTA_MAX_LC": 362.0, "NU_NOTA_MIN_MT": 327.1, "NU_NOTA_MEAN_MT": 347.47848739495794, "NU_NOTA_MAX_MT": 442.8}, "3": {"NU_NOTA_MIN_CH": 316.9, "NU_NOTA_MEAN_CH": 346.74914759982056, "NU_NOTA_MAX_CH": 399.1, "NU_NOTA_MIN_CN": 324.1, "NU_NOTA_MEAN_CN": 353.92510440835264, "NU_NOTA_MAX_CN": 426.6, "NU_NOTA_MIN_LC": 289.6, "NU_NOTA_MEAN_LC": 326.7379983726607, "NU_NOTA_MAX_LC": 403.0, "NU_NOTA_MIN_MT": 327.1, "NU_NOTA_MEAN_MT": 356.48368979958127, "NU_NOTA_MAX_MT": 464.5}, "4": {"NU_NOTA_MIN_CH": 316.6, "NU_NOTA_MEAN_CH": 353.0324096385542, "NU_NOTA_MAX_CH": 429.4, "NU_NOTA_MIN_CN": 324.3, "NU_NOTA_MEAN_CN": 362.19733497650776, "NU_NOTA_MAX_CN": 437.3, "NU_NOTA_MIN_LC": 289.6, "NU_NOTA_MEAN_LC": 336.2511822807543, "NU_NOTA_MAX_LC": 417.0, "NU_NOTA_MIN_MT": 327.1, "NU_NOTA_MEAN_MT": 367.65122565729024, "NU_NOTA_MAX_MT": 471.3}, "5": {"NU_NOTA_MIN_CH": 319.6, "NU_NOTA_MEAN_CH": 361.3549066898625, "NU_NOTA_MAX_CH": 449.2, "NU_NOTA_MIN_CN": 324.4, "NU_NOTA_MEAN_CN": 370.9681080201724, "NU_NOTA_MAX_CN": 463.3, "NU_NOTA_MIN_LC": 0.0, "NU_NOTA_MEAN_LC": 341.43421253822635, "NU_NOTA_MAX_LC": 433.9, "NU_NOTA_MIN_MT": 327.3, "NU_NOTA_MEAN_MT": 379.0330660307051, "NU_NOTA_MAX_MT": 515.8}, "6": {"NU_NOTA_MIN_CH": 319.8, "NU_NOTA_MEAN_CH": 370.50893654859954, "NU_NOTA_MAX_CH": 471.4, "NU_NOTA_MIN_CN": 324.7, "NU_NOTA_MEAN_CN": 381.1401842922254, "NU_NOTA_MAX_CN": 496.4, "NU_NOTA_MIN_LC": 291.8, "NU_NOTA_MEAN_LC": 358.5840124780659, "NU_NOTA_MAX_LC": 443.4, "NU_NOTA_MIN_MT": 327.4, "NU_NOTA_MEAN_MT": 391.8867949724351, "NU_NOTA_MAX_MT": 532.4}, "7": {"NU_NOTA_MIN_CH": 315.2, "NU_NOTA_MEAN_CH": 381.0600964007744, "NU_NOTA_MAX_CH": 486.8, "NU_NOTA_MIN_CN": 324.7, "NU_NOTA_MEAN_CN": 392.1063194827327, "NU_NOTA_MAX_CN": 494.6, "NU_NOTA_MIN_LC": 295.3, "NU_NOTA_MEAN_LC": 370.4030261660978, "NU_NOTA_MAX_LC": 458.9, "NU_NOTA_MIN_MT": 327.5, "NU_NOTA_MEAN_MT": 406.317119869068, "NU_NOTA_MAX_MT": 547.0}, "8": {"NU_NOTA_MIN_CH": 318.6, "NU_NOTA_MEAN_CH": 392.8461158257092, "NU_NOTA_MAX_CH": 498.5, "NU_NOTA_MIN_CN": 325.3, "NU_NOTA_MEAN_CN": 403.9743701027217, "NU_NOTA_MAX_CN": 510.0, "NU_NOTA_MIN_LC": 296.0, "NU_NOTA_MEAN_LC": 383.67379437415553, "NU_NOTA_MAX_LC": 470.8, "NU_NOTA_MIN_MT": 327.8, "NU_NOTA_MEAN_MT": 422.63585308891135, "NU_NOTA_MAX_MT": 578.8}, "9": {"NU_NOTA_MIN_CH": 324.1, "NU_NOTA_MEAN_CH": 406.2157242187556, "NU_NOTA_MAX_CH": 514.3, "NU_NOTA_MIN_CN": 325.3, "NU_NOTA_MEAN_CN": 416.9880205356083, "NU_NOTA_MAX_CN": 525.9, "NU_NOTA_MIN_LC": 300.4, "NU_NOTA_MEAN_LC": 397.975460617429, "NU_NOTA_MAX_LC": 481.2, "NU_NOTA_MIN_MT": 328.6, "NU_NOTA_MEAN_MT": 440.7068884918016, "NU_NOTA_MAX_MT": 592.5}, "10": {"NU_NOTA_MIN_CH": 324.3, "NU_NOTA_MEAN_CH": 421.3365653230669, "NU_NOTA_MAX_CH": 520.9, "NU_NOTA_MIN_CN": 326.7, "NU_NOTA_MEAN_CN": 431.5291343150587, "NU_NOTA_MAX_CN": 535.5, "NU_NOTA_MIN_LC": 306.3, "NU_NOTA_MEAN_LC": 412.6716660898272, "NU_NOTA_MAX_LC": 492.4, "NU_NOTA_MIN_MT": 329.9, "NU_NOTA_MEAN_MT": 460.6495119640697, "NU_NOTA_MAX_MT": 606.5}, "11": {"NU_NOTA_MIN_CH": 332.1, "NU_NOTA_MEAN_CH": 437.5944989197274, "NU_NOTA_MAX_CH": 535.6, "NU_NOTA_MIN_CN": 326.7, "NU_NOTA_MEAN_CN": 446.999012999729, "NU_NOTA_MAX_CN": 546.7, "NU_NOTA_MIN_LC": 312.0, "NU_NOTA_MEAN_LC": 427.6422891319133, "NU_NOTA_MAX_LC": 504.4, "NU_NOTA_MIN_MT": 329.5, "NU_NOTA_MEAN_MT": 482.62312448184025, "NU_NOTA_MAX_MT": 618.4}, "12": {"NU_NOTA_MIN_CH": 333.4, "NU_NOTA_MEAN_CH": 454.8988212566539, "NU_NOTA_MAX_CH": 544.7, "NU_NOTA_MIN_CN": 329.9, "NU_NOTA_MEAN_CN": 463.5676302023908, "NU_NOTA_MAX_CN": 560.2, "NU_NOTA_MIN_LC": 301.2, "NU_NOTA_MEAN_LC": 442.648336980106, "NU_NOTA_MAX_LC": 515.6, "NU_NOTA_MIN_MT": 333.2, "NU_NOTA_MEAN_MT": 506.136993039218, "NU_NOTA_MAX_MT": 633.2}, "13": {"NU_NOTA_MIN_CH": 334.7, "NU_NOTA_MEAN_CH": 472.3596170841056, "NU_NOTA_MAX_CH": 554.4, "NU_NOTA_MIN_CN": 333.5, "NU_NOTA_MEAN_CN": 480.7570208965048, "NU_NOTA_MAX_CN": 572.5, "NU_NOTA_MIN_LC": 319.8, "NU_NOTA_MEAN_LC": 457.0311537385605, "NU_NOTA_MAX_LC": 522.6, "NU_NOTA_MIN_MT": 335.7, "NU_NOTA_MEAN_MT": 530.3466094146514, "NU_NOTA_MAX_MT": 645.7}, "14": {"NU_NOTA_MIN_CH": 340.8, "NU_NOTA_MEAN_CH": 489.64787009319406, "NU_NOTA_MAX_CH": 563.2, "NU_NOTA_MIN_CN": 345.6, "NU_NOTA_MEAN_CN": 498.041229746355, "NU_NOTA_MAX_CN": 579.9, "NU_NOTA_MIN_LC": 322.2, "NU_NOTA_MEAN_LC": 470.7820142015933, "NU_NOTA_MAX_LC": 532.1, "NU_NOTA_MIN_MT": 338.1, "NU_NOTA_MEAN_MT": 554.304337063998, "NU_NOTA_MAX_MT": 650.8}, "15": {"NU_NOTA_MIN_CH": 339.5, "NU_NOTA_MEAN_CH": 506.4630512781727, "NU_NOTA_MAX_CH": 576.1, "NU_NOTA_MIN_CN": 342.9, "NU_NOTA_MEAN_CN": 515.2218831682331, "NU_NOTA_MAX_CN": 590.5, "NU_NOTA_MIN_LC": 329.8, "NU_NOTA_MEAN_LC": 483.727555671748, "NU_NOTA_MAX_LC": 541.5, "NU_NOTA_MIN_MT": 345.1, "NU_NOTA_MEAN_MT": 576.5603189168739, "NU_NOTA_MAX_MT": 667.0}, "16": {"NU_NOTA_MIN_CH": 349.8, "NU_NOTA_MEAN_CH": 522.15123444887, "NU_NOTA_MAX_CH": 587.8, "NU_NOTA_MIN_CN": 370.6, "NU_NOTA_MEAN_CN": 531.1243673765318, "NU_NOTA_MAX_CN": 599.8, "NU_NOTA_MIN_LC": 330.9, "NU_NOTA_MEAN_LC": 496.13415725589607, "NU_NOTA_MAX_LC": 549.5, "NU_NOTA_MIN_MT": 349.5, "NU_NOTA_MEAN_MT": 597.703205927089, "NU_NOTA_MAX_MT": 674.2}, "17": {"NU_NOTA_MIN_CH": 353.0, "NU_NOTA_MEAN_CH": 536.9833322217034, "NU_NOTA_MAX_CH": 600.1, "NU_NOTA_MIN_CN": 379.1, "NU_NOTA_MEAN_CN": 545.7466054983635, "NU_NOTA_MAX_CN": 605.1, "NU_NOTA_MIN_LC": 339.8, "NU_NOTA_MEAN_LC": 507.9020628781736, "NU_NOTA_MAX_LC": 558.8, "NU_NOTA_MIN_MT": 359.3, "NU_NOTA_MEAN_MT": 615.884500024072, "NU_NOTA_MAX_MT": 685.0}, "18": {"NU_NOTA_MIN_CH": 362.6, "NU_NOTA_MEAN_CH": 550.4809460841795, "NU_NOTA_MAX_CH": 605.6, "NU_NOTA_MIN_CN": 387.1, "NU_NOTA_MEAN_CN": 559.050286258575, "NU_NOTA_MAX_CN": 614.0, "NU_NOTA_MIN_LC": 359.0, "NU_NOTA_MEAN_LC": 519.1903371438805, "NU_NOTA_MAX_LC": 566.7, "NU_NOTA_MIN_MT": 371.5, "NU_NOTA_MEAN_MT": 632.4081416580767, "NU_NOTA_MAX_MT": 699.1}, "19": {"NU_NOTA_MIN_CH": 382.8, "NU_NOTA_MEAN_CH": 563.2649013577376, "NU_NOTA_MAX_CH": 613.3, "NU_NOTA_MIN_CN": 411.2, "NU_NOTA_MEAN_CN": 571.0953684573003, "NU_NOTA_MAX_CN": 623.5, "NU_NOTA_MIN_LC": 375.0, "NU_NOTA_MEAN_LC": 530.0611931825273, "NU_NOTA_MAX_LC": 576.7, "NU_NOTA_MIN_MT": 425.4, "NU_NOTA_MEAN_MT": 646.9475481100567, "NU_NOTA_MAX_MT": 705.9}, "20": {"NU_NOTA_MIN_CH": 416.3, "NU_NOTA_MEAN_CH": 574.9603865664932, "NU_NOTA_MAX_CH": 624.4, "NU_NOTA_MIN_CN": 418.4, "NU_NOTA_MEAN_CN": 581.8776139925483, "NU_NOTA_MAX_CN": 629.6, "NU_NOTA_MIN_LC": 372.1, "NU_NOTA_MEAN_LC": 540.431984288195, "NU_NOTA_MAX_LC": 583.0, "NU_NOTA_MIN_MT": 429.7, "NU_NOTA_MEAN_MT": 660.0001141818028, "NU_NOTA_MAX_MT": 713.1}, "21": {"NU_NOTA_MIN_CH": 453.5, "NU_NOTA_MEAN_CH": 585.6945793824459, "NU_NOTA_MAX_CH": 631.1, "NU_NOTA_MIN_CN": 450.0, "NU_NOTA_MEAN_CN": 591.9162747867757, "NU_NOTA_MAX_CN": 634.1, "NU_NOTA_MIN_LC": 394.3, "NU_NOTA_MEAN_LC": 550.4392132064614, "NU_NOTA_MAX_LC": 591.3, "NU_NOTA_MIN_MT": 447.1, "NU_NOTA_MEAN_MT": 672.1999527680414, "NU_NOTA_MAX_MT": 723.3}, "22": {"NU_NOTA_MIN_CH": 438.2, "NU_NOTA_MEAN_CH": 595.5713203968886, "NU_NOTA_MAX_CH": 633.9,