{"0": {"NU_NOTA_MIN_CH": 0.0, "NU_NOTA_MEAN_CH": 23.93538831064852, "NU_NOTA_MAX_CH": 328.9, "NU_NOTA_MIN_CN": 0.0, "NU_NOTA_MEAN_CN": 33.428899082568805, "NU_NOTA_MAX_CN": 339.7, "NU_NOTA_MIN_LC": 0.0, "NU_NOTA_MEAN_LC": 17.933751568381428, "NU_NOTA_MAX_LC": 304.1, "NU_NOTA_MIN_MT": 0.0, "NU_NOTA_MEAN_MT": 104.548833592535, "NU_NOTA_MAX_MT": 356.7}, "1": {"NU_NOTA_MIN_CH": 311.8, "NU_NOTA_MEAN_CH": 334.6281931464174, "NU_NOTA_MAX_CH": 363.9, "NU_NOTA_MIN_CN": 307.7, "NU_NOTA_MEAN_CN": 347.35391304347826, "NU_NOTA_MAX_CN": 377.0, "NU_NOTA_MIN_LC": 298.0, "NU_NOTA_MEAN_LC": 308.3718367346939, "NU_NOTA_MAX_LC": 346.9, "NU_NOTA_MIN_MT": 310.4, "NU_NOTA_MEAN_MT": 361.6957562568009, "NU_NOTA_MAX_MT": 384.2}, "2": {"NU_NOTA_MIN_CH": 312.0, "NU_NOTA_MEAN_CH": 341.81214235868805, "NU_NOTA_MAX_CH": 384.9, "NU_NOTA_MIN_CN": 327.5, "NU_NOTA_MEAN_CN": 353.29429530201344, "NU_NOTA_MAX_CN": 409.2, "NU_NOTA_MIN_LC": 296.7, "NU_NOTA_MEAN_LC": 317.724649859944, "NU_NOTA_MAX_LC": 369.7, "NU_NOTA_MIN_MT": 310.5, "NU_NOTA_MEAN_MT": 370.1014615384616, "NU_NOTA_MAX_MT": 414.9}, "3": {"NU_NOTA_MIN_CH": 312.8, "NU_NOTA_MEAN_CH": 349.2355074288592, "NU_NOTA_MAX_CH": 402.8, "NU_NOTA_MIN_CN": 308.5, "NU_NOTA_MEAN_CN": 361.22476501838986, "NU_NOTA_MAX_CN": 434.9, "NU_NOTA_MIN_LC": 296.8, "NU_NOTA_MEAN_LC": 328.0248322147651, "NU_NOTA_MAX_LC": 393.2, "NU_NOTA_MIN_MT": 311.2, "NU_NOTA_MEAN_MT": 378.4837020592513, "NU_NOTA_MAX_MT": 444.4}, "4": {"NU_NOTA_MIN_CH": 312.6, "NU_NOTA_MEAN_CH": 357.2347647283856, "NU_NOTA_MAX_CH": 419.5, "NU_NOTA_MIN_CN": 308.6, "NU_NOTA_MEAN_CN": 369.66478019201617, "NU_NOTA_MAX_CN": 451.5, "NU_NOTA_MIN_LC": 298.5, "NU_NOTA_MEAN_LC": 337.82836621941595, "NU_NOTA_MAX_LC": 414.7, "NU_NOTA_MIN_MT": 311.0, "NU_NOTA_MEAN_MT": 388.188702707744, "NU_NOTA_MAX_MT": 470.1}, "5": {"NU_NOTA_MIN_CH": 312.6, "NU_NOTA_MEAN_CH": 365.6865537761442, "NU_NOTA_MAX_CH": 434.6, "NU_NOTA_MIN_CN": 308.3, "NU_NOTA_MEAN_CN": 377.9773901490922, "NU_NOTA_MAX_CN": 464.3, "NU_NOTA_MIN_LC": 299.0, "NU_NOTA_MEAN_LC": 349.3151000481331, "NU_NOTA_MAX_LC": 428.4, "NU_NOTA_MIN_MT": 311.4, "NU_NOTA_MEAN_MT": 399.0460102002028, "NU_NOTA_MAX_MT": 495.4}, "6": {"NU_NOTA_MIN_CH": 315.5, "NU_NOTA_MEAN_CH": 375.39064782320025, "NU_NOTA_MAX_CH": 447.1, "NU_NOTA_MIN_CN": 308.9, "NU_NOTA_MEAN_CN": 387.2940813054141, "NU_NOTA_MAX_CN": 482.8, "NU_NOTA_MIN_LC": 297.3, "NU_NOTA_MEAN_LC": 360.21947111989834, "NU_NOTA_MAX_LC": 446.6, "NU_NOTA_MIN_MT": 311.9, "NU_NOTA_MEAN_MT": 411.0916955784279, "NU_NOTA_MAX_MT": 512.5}, "7": {"NU_NOTA_MIN_CH": 319.5, "NU_NOTA_MEAN_CH": 386.1004373745544, "NU_NOTA_MAX_CH": 464.3, "NU_NOTA_MIN_CN": 309.0, "NU_NOTA_MEAN_CN": 397.6084773728261, "NU_NOTA_MAX_CN": 499.5, "NU_NOTA_MIN_LC": 301.9, "NU_NOTA_MEAN_LC": 372.7518551960188, "NU_NOTA_MAX_LC": 461.9, "NU_NOTA_MIN_MT": 314.3, "NU_NOTA_MEAN_MT": 424.8422285961313, "NU_NOTA_MAX_MT": 533.7}, "8": {"NU_NOTA_MIN_CH": 316.5, "NU_NOTA_MEAN_CH": 398.04516833152326, "NU_NOTA_MAX_CH": 480.2, "NU_NOTA_MIN_CN": 312.2, "NU_NOTA_MEAN_CN": 408.5598248816827, "NU_NOTA_MAX_CN": 514.8, "NU_NOTA_MIN_LC": 301.4, "NU_NOTA_MEAN_LC": 385.7604525198103, "NU_NOTA_MAX_LC": 475.1, "NU_NOTA_MIN_MT": 312.9, "NU_NOTA_MEAN_MT": 440.3343230364408, "NU_NOTA_MAX_MT": 553.2}, "9": {"NU_NOTA_MIN_CH": 325.2, "NU_NOTA_MEAN_CH": 411.1050274514536, "NU_NOTA_MAX_CH": 495.7, "NU_NOTA_MIN_CN": 311.6, "NU_NOTA_MEAN_CN": 420.4273146328164, "NU_NOTA_MAX_CN": 536.7, "NU_NOTA_MIN_LC": 305.5, "NU_NOTA_MEAN_LC": 399.7387247328788, "NU_NOTA_MAX_LC": 483.5, "NU_NOTA_MIN_MT": 318.4, "NU_NOTA_MEAN_MT": 458.00131666591545, "NU_NOTA_MAX_MT": 573.2}, "10": {"NU_NOTA_MIN_CH": 327.6, "NU_NOTA_MEAN_CH": 425.5476176210662, "NU_NOTA_MAX_CH": 515.2, "NU_NOTA_MIN_CN": 312.5, "NU_NOTA_MEAN_CN": 433.44170996423736, "NU_NOTA_MAX_CN": 549.9, "NU_NOTA_MIN_LC": 310.1, "NU_NOTA_MEAN_LC": 414.200674431778, "NU_NOTA_MAX_LC": 497.3, "NU_NOTA_MIN_MT": 316.3, "NU_NOTA_MEAN_MT": 477.8036516118193, "NU_NOTA_MAX_MT": 597.4}, "11": {"NU_NOTA_MIN_CH": 334.2, "NU_NOTA_MEAN_CH": 441.12215338797927, "NU_NOTA_MAX_CH": 524.2, "NU_NOTA_MIN_CN": 312.5, "NU_NOTA_MEAN_CN": 447.1618421794272, "NU_NOTA_MAX_CN": 565.1, "NU_NOTA_MIN_LC": 306.9, "NU_NOTA_MEAN_LC": 429.0666651047646, "NU_NOTA_MAX_LC": 510.4, "NU_NOTA_MIN_MT": 323.3, "NU_NOTA_MEAN_MT": 499.9103260040704, "NU_NOTA_MAX_MT": 613.8}, "12": {"NU_NOTA_MIN_CH": 335.8, "NU_NOTA_MEAN_CH": 457.9223104587054, "NU_NOTA_MAX_CH": 533.2, "NU_NOTA_MIN_CN": 316.8, "NU_NOTA_MEAN_CN": 462.294449458275, "NU_NOTA_MAX_CN": 577.6, "NU_NOTA_MIN_LC": 318.6, "NU_NOTA_MEAN_LC": 443.9675156234141, "NU_NOTA_MAX_LC": 523.4, "NU_NOTA_MIN_MT": 329.8, "NU_NOTA_MEAN_MT": 523.3487701648905, "NU_NOTA_MAX_MT": 631.2}, "13": {"NU_NOTA_MIN_CH": 345.9, "NU_NOTA_MEAN_CH": 474.7783599154984, "NU_NOTA_MAX_CH": 543.8, "NU_NOTA_MIN_CN": 322.0, "NU_NOTA_MEAN_CN": 478.756218033672, "NU_NOTA_MAX_CN": 581.8, "NU_NOTA_MIN_LC": 319.7, "NU_NOTA_MEAN_LC": 458.7111096325039, "NU_NOTA_MAX_LC": 532.5, "NU_NOTA_MIN_MT": 342.7, "NU_NOTA_MEAN_MT": 547.401141336816, "NU_NOTA_MAX_MT": 644.0}, "14": {"NU_NOTA_MIN_CH": 347.3, "NU_NOTA_MEAN_CH": 491.6821495045606, "NU_NOTA_MAX_CH": 552.0, "NU_NOTA_MIN_CN": 324.4, "NU_NOTA_MEAN_CN": 495.91725420804187, "NU_NOTA_MAX_CN": 591.2, "NU_NOTA_MIN_LC": 333.6, "NU_NOTA_MEAN_LC": 473.1163297946641, "NU_NOTA_MAX_LC": 550.6, "NU_NOTA_MIN_MT": 344.1, "NU_NOTA_MEAN_MT": 570.5684101467198, "NU_NOTA_MAX_MT": 651.6}, "15": {"NU_NOTA_MIN_CH": 365.0, "NU_NOTA_MEAN_CH": 507.6688238285386, "NU_NOTA_MAX_CH": 561.6, "NU_NOTA_MIN_CN": 343.6, "NU_NOTA_MEAN_CN": 513.5096886350834, "NU_NOTA_MAX_CN": 601.6, "NU_NOTA_MIN_LC": 341.5, "NU_NOTA_MEAN_LC": 486.6227072069839, "NU_NOTA_MAX_LC": 555.4, "NU_NOTA_MIN_MT": 347.1, "NU_NOTA_MEAN_MT": 592.4904926218362, "NU_NOTA_MAX_MT": 664.7}, "16": {"NU_NOTA_MIN_CH": 367.0, "NU_NOTA_MEAN_CH": 522.252820633612, "NU_NOTA_MAX_CH": 572.5, "NU_NOTA_MIN_CN": 339.1, "NU_NOTA_MEAN_CN": 531.1058906240182, "NU_NOTA_MAX_CN": 608.9, "NU_NOTA_MIN_LC": 360.9, "NU_NOTA_MEAN_LC": 499.1862249775699, "NU_NOTA_MAX_LC": 562.9, "NU_NOTA_MIN_MT": 382.0, "NU_NOTA_MEAN_MT": 611.7045736070671, "NU_NOTA_MAX_MT": 674.2}, "17": {"NU_NOTA_MIN_CH": 388.8, "NU_NOTA_MEAN_CH": 535.2794962927861, "NU_NOTA_MAX_CH": 580.4, "NU_NOTA_MIN_CN": 360.2, "NU_NOTA_MEAN_CN": 547.6146227924703, "NU_NOTA_MAX_CN": 618.8, "NU_NOTA_MIN_LC": 363.2, "NU_NOTA_MEAN_LC": 511.1108059230865, "NU_NOTA_MAX_LC": 568.3, "NU_NOTA_MIN_MT": 395.0, "NU_NOTA_MEAN_MT": 628.4693095195887, "NU_NOTA_MAX_MT": 682.5}, "18": {"NU_NOTA_MIN_CH": 392.3, "NU_NOTA_MEAN_CH": 546.7371719324418, "NU_NOTA_MAX_CH": 584.6, "NU_NOTA_MIN_CN": 375.6, "NU_NOTA_MEAN_CN": 562.9724605267957, "NU_NOTA_MAX_CN": 627.7, "NU_NOTA_MIN_LC": 389.5, "NU_NOTA_MEAN_LC": 522.1924085491163, "NU_NOTA_MAX_LC": 576.0, "NU_NOTA_MIN_MT": 413.6, "NU_NOTA_MEAN_MT": 643.3196196636027, "NU_NOTA_MAX_MT": 689.4}, "19": {"NU_NOTA_MIN_CH": 439.2, "NU_NOTA_MEAN_CH": 557.2892794458356, "NU_NOTA_MAX_CH": 594.5, "NU_NOTA_MIN_CN": 392.4, "NU_NOTA_MEAN_CN": 577.0923349397225, "NU_NOTA_MAX_CN": 634.9, "NU_NOTA_MIN_LC": 422.2, "NU_NOTA_MEAN_LC": 532.5534085902112, "NU_NOTA_MAX_LC": 586.1, "NU_NOTA_MIN_MT": 448.9, "NU_NOTA_MEAN_MT": 656.0910599626643, "NU_NOTA_MAX_MT": 698.0}, "20": {"NU_NOTA_MIN_CH": 438.1, "NU_NOTA_MEAN_CH": 566.6407505078672, "NU_NOTA_MAX_CH": 600.7, "NU_NOTA_MIN_CN": 425.3, "NU_NOTA_MEAN_CN": 589.556779209916, "NU_NOTA_MAX_CN": 641.0, "NU_NOTA_MIN_LC": 441.1, "NU_NOTA_MEAN_LC": 542.3302147676518, "NU_NOTA_MAX_LC": 593.5, "NU_NOTA_MIN_MT": 515.9, "NU_NOTA_MEAN_MT": 667.7592759856631, "NU_NOTA_MAX_MT": 706.5}, "21": {"NU_NOTA_MIN_CH": 476.7, "NU_NOTA_MEAN_CH": 575.3979400339223, "NU_NOTA_MAX_CH": 607.5, "NU_NOTA_MIN_CN": 401.4, "NU_NOTA_MEAN_CN": 601.1264175288524, "NU_NOTA_MAX_CN": 647.5, "NU_NOTA_MIN_LC": 461.6, "NU_NOTA_MEAN_LC": 551.7217687004623, "NU_NOTA_MAX_LC": 600.8, "NU_NOTA_MIN_MT": 472.4, "NU_NOTA_MEAN_MT": 678.4427954532791, "NU_NOTA_MAX_MT": 715.8}, "22": {"NU_NOTA_MIN_CH": 493.9, "NU_NOTA_MEAN_CH": 583.7720787811223,